filepath,label
1.jpg,2
10.jpg,2
100.jpg,0
1000.jpg,2
1001.jpg,0
1002.jpg,2
1003.jpg,0
1004.jpg,0
1005.jpg,1
1006.jpg,2
1007.jpg,2
1008.jpg,0
1009.jpg,2
101.jpg,0
1010.jpg,0
1011.jpg,1
1012.jpg,2
1013.jpg,0
1014.jpg,1
1015.jpg,2
1016.jpg,2
1017.jpg,0
1018.jpg,0
1019.jpg,1
102.jpg,2
1020.jpg,1
1021.jpg,2
1022.jpg,0
1023.jpg,0
1024.jpg,2
1025.jpg,1
1026.jpg,2
1027.jpg,0
1028.jpg,2
1029.jpg,1
103.jpg,0
1030.jpg,1
1031.jpg,2
1032.jpg,1
1033.jpg,2
1034.jpg,2
1035.jpg,2
1036.jpg,2
1037.jpg,2
1038.jpg,2
1039.jpg,0
104.jpg,2
1040.jpg,0
1041.jpg,1
1042.jpg,2
1043.jpg,2
1044.jpg,2
1045.jpg,2
1046.jpg,0
1047.jpg,2
1048.jpg,2
1049.jpg,2
105.jpg,2
1050.jpg,1
1051.jpg,0
1052.jpg,2
1053.jpg,0
1054.jpg,0
1055.jpg,2
1056.jpg,2
1057.jpg,0
1058.jpg,0
1059.jpg,2
106.jpg,0
1060.jpg,2
1061.jpg,0
1062.jpg,2
1063.jpg,2
1064.jpg,0
1065.jpg,1
1066.jpg,0
1067.jpg,2
1068.jpg,0
1069.jpg,2
107.jpg,0
1070.jpg,2
1071.jpg,2
1072.jpg,2
1073.jpg,1
1074.jpg,1
1075.jpg,0
1076.jpg,2
1077.jpg,0
1078.jpg,2
1079.jpg,2
108.jpg,2
1080.jpg,0
1081.jpg,1
1082.jpg,2
1083.jpg,1
1084.jpg,0
1085.jpg,0
1086.jpg,2
1087.jpg,2
1088.jpg,0
1089.jpg,1
109.jpg,2
1090.jpg,2
1091.jpg,0
1092.jpg,2
1093.jpg,2
1094.jpg,2
1095.jpg,2
1096.jpg,1
1097.jpg,2
1098.jpg,2
1099.jpg,2
11.jpg,0
110.jpg,2
1100.jpg,2
1101.jpg,0
1102.jpg,2
1103.jpg,2
1104.jpg,2
1105.jpg,0
1106.jpg,0
1107.jpg,0
1108.jpg,0
1109.jpg,2
111.jpg,2
1110.jpg,2
1111.jpg,2
1112.jpg,0
1113.jpg,2
1114.jpg,0
1115.jpg,1
1116.jpg,1
1117.jpg,0
1118.jpg,2
1119.jpg,0
112.jpg,0
1120.jpg,0
1121.jpg,0
1122.jpg,2
1123.jpg,0
1124.jpg,1
1125.jpg,2
1126.jpg,2
1127.jpg,1
1128.jpg,0
1129.jpg,2
113.jpg,2
1130.jpg,0
1131.jpg,1
1132.jpg,2
1133.jpg,0
1134.jpg,1
1135.jpg,0
1136.jpg,2
1137.jpg,0
1138.jpg,0
1139.jpg,0
114.jpg,0
1140.jpg,1
1141.jpg,0
1142.jpg,2
1143.jpg,1
1144.jpg,2
1145.jpg,1
1146.jpg,2
1147.jpg,2
1148.jpg,0
1149.jpg,2
115.jpg,0
1150.jpg,2
1151.jpg,2
1152.jpg,2
1153.jpg,2
1154.jpg,0
1155.jpg,2
1156.jpg,0
1157.jpg,2
1158.jpg,2
1159.jpg,0
116.jpg,2
1160.jpg,0
1161.jpg,2
1162.jpg,2
1163.jpg,0
1164.jpg,2
1165.jpg,2
1166.jpg,2
1167.jpg,2
1168.jpg,2
1169.jpg,1
117.jpg,0
1170.jpg,2
1171.jpg,2
1172.jpg,2
1173.jpg,2
1174.jpg,2
1175.jpg,0
1176.jpg,2
1177.jpg,0
1178.jpg,2
1179.jpg,2
118.jpg,0
1180.jpg,0
1181.jpg,0
1182.jpg,0
1183.jpg,2
1184.jpg,2
1185.jpg,2
1186.jpg,2
1187.jpg,0
1188.jpg,0
1189.jpg,2
119.jpg,1
1190.jpg,2
1191.jpg,0
1192.jpg,0
1193.jpg,0
1194.jpg,2
1195.jpg,2
1196.jpg,2
1197.jpg,2
1198.jpg,0
1199.jpg,2
12.jpg,0
120.jpg,2
1200.jpg,2
1201.jpg,2
1202.jpg,2
1203.jpg,2
1204.jpg,2
1205.jpg,2
1206.jpg,0
1207.jpg,2
1208.jpg,1
1209.jpg,2
121.jpg,2
1210.jpg,0
1211.jpg,2
1212.jpg,0
1213.jpg,2
1214.jpg,0
1215.jpg,2
1216.jpg,2
1217.jpg,0
1218.jpg,2
1219.jpg,1
122.jpg,1
1220.jpg,1
1221.jpg,2
1222.jpg,2
1223.jpg,2
1224.jpg,2
1225.jpg,0
1226.jpg,2
1227.jpg,0
1228.jpg,0
1229.jpg,2
123.jpg,2
1230.jpg,2
1231.jpg,0
1232.jpg,0
1233.jpg,1
1234.jpg,1
1235.jpg,2
1236.jpg,2
1237.jpg,2
1238.jpg,0
1239.jpg,0
124.jpg,0
1240.jpg,2
1241.jpg,2
1242.jpg,0
1243.jpg,2
1244.jpg,1
1245.jpg,0
1246.jpg,2
1247.jpg,2
1248.jpg,2
1249.jpg,2
125.jpg,2
1250.jpg,0
1251.jpg,2
1252.jpg,0
1253.jpg,2
1254.jpg,2
1255.jpg,2
1256.jpg,1
1257.jpg,0
1258.jpg,0
1259.jpg,2
126.jpg,2
1260.jpg,1
1261.jpg,2
1262.jpg,2
1263.jpg,0
1264.jpg,0
1265.jpg,2
1266.jpg,2
1267.jpg,2
1268.jpg,2
1269.jpg,2
127.jpg,2
1270.jpg,2
1271.jpg,0
1272.jpg,2
1273.jpg,2
1274.jpg,2
1275.jpg,1
1276.jpg,2
1277.jpg,1
1278.jpg,0
1279.jpg,2
128.jpg,2
1280.jpg,2
1281.jpg,1
1282.jpg,2
1283.jpg,0
1284.jpg,2
1285.jpg,1
1286.jpg,2
1287.jpg,1
1288.jpg,2
1289.jpg,0
129.jpg,2
1290.jpg,2
1291.jpg,2
1292.jpg,2
1293.jpg,0
1294.jpg,0
1295.jpg,0
1296.jpg,2
1297.jpg,1
1298.jpg,0
1299.jpg,2
13.jpg,1
130.jpg,0
1300.jpg,0
1301.jpg,2
1302.jpg,1
1303.jpg,2
1304.jpg,0
1305.jpg,2
1306.jpg,2
1307.jpg,1
1308.jpg,2
1309.jpg,0
131.jpg,2
1310.jpg,0
1311.jpg,1
1312.jpg,2
1313.jpg,0
1314.jpg,0
1315.jpg,2
1316.jpg,0
1317.jpg,2
1318.jpg,2
1319.jpg,2
132.jpg,2
1320.jpg,2
1321.jpg,2
1322.jpg,2
1323.jpg,0
1324.jpg,2
1325.jpg,2
1326.jpg,0
1327.jpg,2
1328.jpg,0
1329.jpg,0
133.jpg,1
1330.jpg,2
1331.jpg,0
1332.jpg,2
1333.jpg,2
1334.jpg,2
1335.jpg,0
1336.jpg,2
1337.jpg,0
1338.jpg,2
1339.jpg,0
134.jpg,2
1340.jpg,2
1341.jpg,0
1342.jpg,0
1343.jpg,2
1344.jpg,2
1345.jpg,0
1346.jpg,0
1347.jpg,1
1348.jpg,2
1349.jpg,1
135.jpg,1
1350.jpg,0
1351.jpg,0
1352.jpg,2
1353.jpg,2
1354.jpg,2
1355.jpg,0
1356.jpg,2
1357.jpg,2
1358.jpg,2
1359.jpg,2
136.jpg,0
1360.jpg,2
1361.jpg,2
1362.jpg,0
1363.jpg,2
1364.jpg,0
1365.jpg,1
1366.jpg,0
1367.jpg,2
1368.jpg,2
1369.jpg,2
137.jpg,1
1370.jpg,0
1371.jpg,0
1372.jpg,2
1373.jpg,2
1374.jpg,2
1375.jpg,1
1376.jpg,0
1377.jpg,0
1378.jpg,2
1379.jpg,0
138.jpg,0
1380.jpg,2
1381.jpg,0
1382.jpg,0
1383.jpg,1
1384.jpg,1
1385.jpg,2
1386.jpg,0
1387.jpg,0
1388.jpg,1
1389.jpg,2
139.jpg,2
1390.jpg,1
1391.jpg,0
1392.jpg,0
1393.jpg,0
1394.jpg,2
1395.jpg,2
1396.jpg,0
1397.jpg,0
1398.jpg,0
1399.jpg,2
14.jpg,2
140.jpg,1
1400.jpg,2
1401.jpg,0
1402.jpg,0
1403.jpg,0
1404.jpg,2
1405.jpg,0
1406.jpg,0
1407.jpg,2
1408.jpg,1
1409.jpg,0
141.jpg,0
1410.jpg,2
1411.jpg,0
1412.jpg,2
1413.jpg,0
1414.jpg,1
1415.jpg,0
1416.jpg,0
1417.jpg,2
1418.jpg,0
1419.jpg,2
142.jpg,2
1420.jpg,2
1421.jpg,2
1422.jpg,1
1423.jpg,0
1424.jpg,0
1425.jpg,2
1426.jpg,0
1427.jpg,0
1428.jpg,2
1429.jpg,2
143.jpg,2
1430.jpg,0
1431.jpg,1
1432.jpg,2
1433.jpg,2
1434.jpg,0
1435.jpg,2
1436.jpg,2
1437.jpg,0
1438.jpg,0
1439.jpg,0
144.jpg,0
1440.jpg,2
1441.jpg,0
1442.jpg,2
1443.jpg,2
1444.jpg,0
1445.jpg,0
1446.jpg,0
1447.jpg,2
1448.jpg,2
1449.jpg,2
145.jpg,0
1450.jpg,2
1451.jpg,0
1452.jpg,1
1453.jpg,1
1454.jpg,2
1455.jpg,2
1456.jpg,0
1457.jpg,2
1458.jpg,0
146.jpg,2
147.jpg,2
148.jpg,0
149.jpg,2
15.jpg,2
150.jpg,2
151.jpg,2
152.jpg,0
153.jpg,2
154.jpg,1
155.jpg,0
156.jpg,2
157.jpg,1
158.jpg,0
159.jpg,2
16.jpg,0
160.jpg,0
161.jpg,0
162.jpg,0
163.jpg,0
164.jpg,0
165.jpg,2
166.jpg,0
167.jpg,2
168.jpg,2
169.jpg,0
17.jpg,2
170.jpg,2
171.jpg,2
172.jpg,1
173.jpg,0
174.jpg,0
175.jpg,2
176.jpg,2
177.jpg,0
178.jpg,0
179.jpg,0
18.jpg,2
180.jpg,2
181.jpg,0
182.jpg,1
183.jpg,2
184.jpg,0
185.jpg,1
186.jpg,2
187.jpg,0
188.jpg,0
189.jpg,2
19.jpg,2
190.jpg,2
191.jpg,2
192.jpg,1
193.jpg,0
194.jpg,1
195.jpg,1
196.jpg,2
197.jpg,0
198.jpg,0
199.jpg,1
2.jpg,2
20.jpg,0
200.jpg,1
201.jpg,2
202.jpg,2
203.jpg,0
204.jpg,0
205.jpg,2
206.jpg,0
207.jpg,2
208.jpg,2
209.jpg,2
21.jpg,2
210.jpg,2
211.jpg,2
212.jpg,0
213.jpg,1
214.jpg,1
215.jpg,0
216.jpg,0
217.jpg,1
218.jpg,2
219.jpg,2
22.jpg,0
220.jpg,2
221.jpg,0
222.jpg,1
223.jpg,2
224.jpg,2
225.jpg,1
226.jpg,2
227.jpg,2
228.jpg,1
229.jpg,0
23.jpg,0
230.jpg,2
231.jpg,2
232.jpg,2
233.jpg,0
234.jpg,0
235.jpg,1
236.jpg,2
237.jpg,2
238.jpg,2
239.jpg,0
24.jpg,2
240.jpg,2
241.jpg,2
242.jpg,2
243.jpg,2
244.jpg,1
245.jpg,2
246.jpg,2
247.jpg,2
248.jpg,0
249.jpg,1
25.jpg,0
250.jpg,1
251.jpg,2
252.jpg,2
253.jpg,1
254.jpg,2
255.jpg,0
256.jpg,1
257.jpg,0
258.jpg,2
259.jpg,2
26.jpg,2
260.jpg,2
261.jpg,1
262.jpg,0
263.jpg,2
264.jpg,0
265.jpg,1
266.jpg,2
267.jpg,0
268.jpg,2
269.jpg,2
27.jpg,0
270.jpg,0
271.jpg,2
272.jpg,2
273.jpg,0
274.jpg,2
275.jpg,0
276.jpg,2
277.jpg,2
278.jpg,2
279.jpg,0
28.jpg,2
280.jpg,0
281.jpg,2
282.jpg,0
283.jpg,1
284.jpg,2
285.jpg,2
286.jpg,0
287.jpg,2
288.jpg,2
289.jpg,2
29.jpg,0
290.jpg,2
291.jpg,2
292.jpg,2
293.jpg,2
294.jpg,2
295.jpg,2
296.jpg,2
297.jpg,0
298.jpg,1
299.jpg,0
3.jpg,2
30.jpg,0
300.jpg,2
301.jpg,1
302.jpg,0
303.jpg,2
304.jpg,0
305.jpg,2
306.jpg,2
307.jpg,1
308.jpg,0
309.jpg,2
31.jpg,2
310.jpg,2
311.jpg,0
312.jpg,2
313.jpg,2
314.jpg,2
315.jpg,2
316.jpg,0
317.jpg,2
318.jpg,2
319.jpg,2
32.jpg,0
320.jpg,1
321.jpg,2
322.jpg,2
323.jpg,2
324.jpg,1
325.jpg,1
326.jpg,1
327.jpg,0
328.jpg,2
329.jpg,0
33.jpg,1
330.jpg,0
331.jpg,2
332.jpg,0
333.jpg,0
334.jpg,0
335.jpg,2
336.jpg,2
337.jpg,1
338.jpg,1
339.jpg,2
34.jpg,0
340.jpg,0
341.jpg,2
342.jpg,0
343.jpg,2
344.jpg,2
345.jpg,0
346.jpg,2
347.jpg,0
348.jpg,2
349.jpg,2
35.jpg,0
350.jpg,0
351.jpg,0
352.jpg,2
353.jpg,2
354.jpg,1
355.jpg,2
356.jpg,0
357.jpg,2
358.jpg,0
359.jpg,0
36.jpg,2
360.jpg,0
361.jpg,0
362.jpg,2
363.jpg,2
364.jpg,2
365.jpg,2
366.jpg,1
367.jpg,2
368.jpg,0
369.jpg,2
37.jpg,0
370.jpg,2
371.jpg,2
372.jpg,0
373.jpg,0
374.jpg,2
375.jpg,2
376.jpg,1
377.jpg,1
378.jpg,1
379.jpg,2
38.jpg,2
380.jpg,2
381.jpg,0
382.jpg,2
383.jpg,0
384.jpg,2
385.jpg,2
386.jpg,2
387.jpg,1
388.jpg,0
389.jpg,0
39.jpg,2
390.jpg,1
391.jpg,2
392.jpg,2
393.jpg,0
394.jpg,0
395.jpg,2
396.jpg,0
397.jpg,2
398.jpg,2
399.jpg,2
4.jpg,1
40.jpg,2
400.jpg,2
401.jpg,2
402.jpg,0
403.jpg,0
404.jpg,0
405.jpg,0
406.jpg,0
407.jpg,0
408.jpg,2
409.jpg,2
41.jpg,0
410.jpg,2
411.jpg,0
412.jpg,2
413.jpg,0
414.jpg,1
415.jpg,2
416.jpg,1
417.jpg,0
418.jpg,0
419.jpg,2
42.jpg,0
420.jpg,2
421.jpg,2
422.jpg,2
423.jpg,1
424.jpg,1
425.jpg,2
426.jpg,2
427.jpg,1
428.jpg,0
429.jpg,2
43.jpg,2
430.jpg,2
431.jpg,2
432.jpg,0
433.jpg,1
434.jpg,0
435.jpg,2
436.jpg,1
437.jpg,2
438.jpg,2
439.jpg,0
44.jpg,2
440.jpg,2
441.jpg,0
442.jpg,1
443.jpg,1
444.jpg,0
445.jpg,2
446.jpg,2
447.jpg,2
448.jpg,0
449.jpg,2
45.jpg,2
450.jpg,2
451.jpg,2
452.jpg,0
453.jpg,1
454.jpg,2
455.jpg,2
456.jpg,2
457.jpg,2
458.jpg,0
459.jpg,0
46.jpg,2
460.jpg,0
461.jpg,1
462.jpg,0
463.jpg,0
464.jpg,2
465.jpg,0
466.jpg,2
467.jpg,2
468.jpg,2
469.jpg,1
47.jpg,0
470.jpg,2
471.jpg,0
472.jpg,1
473.jpg,2
474.jpg,2
475.jpg,0
476.jpg,2
477.jpg,0
478.jpg,2
479.jpg,2
48.jpg,1
480.jpg,2
481.jpg,0
482.jpg,2
483.jpg,1
484.jpg,2
485.jpg,0
486.jpg,2
487.jpg,2
488.jpg,0
489.jpg,2
49.jpg,2
490.jpg,0
491.jpg,2
492.jpg,0
493.jpg,0
494.jpg,2
495.jpg,2
496.jpg,2
497.jpg,2
498.jpg,2
499.jpg,2
5.jpg,0
50.jpg,2
500.jpg,1
501.jpg,2
502.jpg,2
503.jpg,0
504.jpg,0
505.jpg,0
506.jpg,0
507.jpg,1
508.jpg,2
509.jpg,2
51.jpg,2
510.jpg,2
511.jpg,0
512.jpg,0
513.jpg,2
514.jpg,0
515.jpg,0
516.jpg,0
517.jpg,2
518.jpg,0
519.jpg,2
52.jpg,0
520.jpg,2
521.jpg,2
522.jpg,2
523.jpg,0
524.jpg,0
525.jpg,2
526.jpg,0
527.jpg,1
528.jpg,1
529.jpg,2
53.jpg,2
530.jpg,0
531.jpg,2
532.jpg,0
533.jpg,0
534.jpg,1
535.jpg,1
536.jpg,0
537.jpg,0
538.jpg,2
539.jpg,2
54.jpg,2
540.jpg,2
541.jpg,2
542.jpg,2
543.jpg,0
544.jpg,1
545.jpg,2
546.jpg,0
547.jpg,2
548.jpg,0
549.jpg,1
55.jpg,2
550.jpg,2
551.jpg,0
552.jpg,2
553.jpg,0
554.jpg,2
555.jpg,1
556.jpg,2
557.jpg,2
558.jpg,0
559.jpg,0
56.jpg,2
560.jpg,2
561.jpg,0
562.jpg,2
563.jpg,0
564.jpg,2
565.jpg,2
566.jpg,2
567.jpg,0
568.jpg,2
569.jpg,1
57.jpg,2
570.jpg,0
571.jpg,1
572.jpg,2
573.jpg,2
574.jpg,1
575.jpg,0
576.jpg,0
577.jpg,0
578.jpg,2
579.jpg,1
58.jpg,0
580.jpg,2
581.jpg,2
582.jpg,0
583.jpg,1
584.jpg,2
585.jpg,2
586.jpg,2
587.jpg,2
588.jpg,0
589.jpg,1
59.jpg,0
590.jpg,2
591.jpg,0
592.jpg,0
593.jpg,2
594.jpg,1
595.jpg,2
596.jpg,0
597.jpg,0
598.jpg,2
599.jpg,1
6.jpg,0
60.jpg,2
600.jpg,2
601.jpg,0
602.jpg,2
603.jpg,2
604.jpg,0
605.jpg,0
606.jpg,2
607.jpg,0
608.jpg,0
609.jpg,2
61.jpg,1
610.jpg,0
611.jpg,0
612.jpg,0
613.jpg,2
614.jpg,2
615.jpg,1
616.jpg,2
617.jpg,2
618.jpg,2
619.jpg,0
62.jpg,2
620.jpg,2
621.jpg,0
622.jpg,0
623.jpg,2
624.jpg,2
625.jpg,1
626.jpg,2
627.jpg,2
628.jpg,2
629.jpg,0
63.jpg,2
630.jpg,0
631.jpg,2
632.jpg,2
633.jpg,2
634.jpg,0
635.jpg,0
636.jpg,2
637.jpg,2
638.jpg,0
639.jpg,0
64.jpg,2
640.jpg,0
641.jpg,2
642.jpg,2
643.jpg,2
644.jpg,2
645.jpg,2
646.jpg,2
647.jpg,0
648.jpg,2
649.jpg,2
65.jpg,0
650.jpg,2
651.jpg,1
652.jpg,0
653.jpg,1
654.jpg,0
655.jpg,0
656.jpg,0
657.jpg,2
658.jpg,1
659.jpg,2
66.jpg,1
660.jpg,0
661.jpg,2
662.jpg,0
663.jpg,2
664.jpg,1
665.jpg,2
666.jpg,2
667.jpg,1
668.jpg,2
669.jpg,0
67.jpg,2
670.jpg,0
671.jpg,1
672.jpg,0
673.jpg,0
674.jpg,0
675.jpg,0
676.jpg,0
677.jpg,2
678.jpg,2
679.jpg,2
68.jpg,2
680.jpg,1
681.jpg,0
682.jpg,1
683.jpg,2
684.jpg,2
685.jpg,2
686.jpg,1
687.jpg,0
688.jpg,0
689.jpg,2
69.jpg,2
690.jpg,1
691.jpg,1
692.jpg,2
693.jpg,1
694.jpg,2
695.jpg,2
696.jpg,2
697.jpg,0
698.jpg,2
699.jpg,1
7.jpg,2
70.jpg,2
700.jpg,0
701.jpg,2
702.jpg,2
703.jpg,0
704.jpg,0
705.jpg,1
706.jpg,2
707.jpg,2
708.jpg,0
709.jpg,1
71.jpg,2
710.jpg,2
711.jpg,1
712.jpg,1
713.jpg,2
714.jpg,2
715.jpg,2
716.jpg,2
717.jpg,2
718.jpg,2
719.jpg,1
72.jpg,2
720.jpg,2
721.jpg,2
722.jpg,0
723.jpg,2
724.jpg,0
725.jpg,2
726.jpg,2
727.jpg,2
728.jpg,2
729.jpg,0
73.jpg,2
730.jpg,0
731.jpg,2
732.jpg,2
733.jpg,2
734.jpg,0
735.jpg,0
736.jpg,1
737.jpg,2
738.jpg,2
739.jpg,2
74.jpg,2
740.jpg,0
741.jpg,2
742.jpg,2
743.jpg,2
744.jpg,0
745.jpg,2
746.jpg,2
747.jpg,2
748.jpg,0
749.jpg,0
75.jpg,1
750.jpg,2
751.jpg,2
752.jpg,0
753.jpg,1
754.jpg,1
755.jpg,0
756.jpg,0
757.jpg,0
758.jpg,2
759.jpg,2
76.jpg,0
760.jpg,2
761.jpg,2
762.jpg,2
763.jpg,2
764.jpg,2
765.jpg,2
766.jpg,1
767.jpg,2
768.jpg,0
769.jpg,2
77.jpg,1
770.jpg,0
771.jpg,2
772.jpg,2
773.jpg,0
774.jpg,2
775.jpg,0
776.jpg,0
777.jpg,1
778.jpg,2
779.jpg,0
78.jpg,2
780.jpg,2
781.jpg,2
782.jpg,1
783.jpg,0
784.jpg,2
785.jpg,0
786.jpg,0
787.jpg,1
788.jpg,2
789.jpg,0
79.jpg,0
790.jpg,2
791.jpg,2
792.jpg,2
793.jpg,2
794.jpg,2
795.jpg,2
796.jpg,0
797.jpg,2
798.jpg,0
799.jpg,2
8.jpg,0
80.jpg,2
800.jpg,0
801.jpg,2
802.jpg,0
803.jpg,2
804.jpg,1
805.jpg,0
806.jpg,1
807.jpg,0
808.jpg,1
809.jpg,0
81.jpg,2
810.jpg,0
811.jpg,2
812.jpg,0
813.jpg,2
814.jpg,0
815.jpg,0
816.jpg,2
817.jpg,2
818.jpg,1
819.jpg,2
82.jpg,0
820.jpg,2
821.jpg,0
822.jpg,2
823.jpg,0
824.jpg,2
825.jpg,2
826.jpg,0
827.jpg,0
828.jpg,0
829.jpg,2
83.jpg,2
830.jpg,2
831.jpg,0
832.jpg,0
833.jpg,0
834.jpg,2
835.jpg,2
836.jpg,2
837.jpg,2
838.jpg,2
839.jpg,0
84.jpg,2
840.jpg,2
841.jpg,0
842.jpg,0
843.jpg,0
844.jpg,0
845.jpg,2
846.jpg,2
847.jpg,2
848.jpg,0
849.jpg,0
85.jpg,0
850.jpg,1
851.jpg,0
852.jpg,0
853.jpg,0
854.jpg,1
855.jpg,2
856.jpg,0
857.jpg,1
858.jpg,0
859.jpg,2
86.jpg,0
860.jpg,0
861.jpg,2
862.jpg,1
863.jpg,2
864.jpg,2
865.jpg,0
866.jpg,0
867.jpg,0
868.jpg,2
869.jpg,0
87.jpg,2
870.jpg,2
871.jpg,1
872.jpg,2
873.jpg,0
874.jpg,1
875.jpg,1
876.jpg,2
877.jpg,1
878.jpg,1
879.jpg,0
88.jpg,0
880.jpg,2
881.jpg,0
882.jpg,1
883.jpg,2
884.jpg,0
885.jpg,1
886.jpg,2
887.jpg,2
888.jpg,0
889.jpg,0
89.jpg,2
890.jpg,1
891.jpg,0
892.jpg,2
893.jpg,1
894.jpg,0
895.jpg,2
896.jpg,0
897.jpg,2
898.jpg,0
899.jpg,0
9.jpg,1
90.jpg,0
900.jpg,2
901.jpg,0
902.jpg,0
903.jpg,2
904.jpg,0
905.jpg,1
906.jpg,2
907.jpg,2
908.jpg,0
909.jpg,0
91.jpg,2
910.jpg,2
911.jpg,1
912.jpg,1
913.jpg,2
914.jpg,1
915.jpg,0
916.jpg,1
917.jpg,2
918.jpg,2
919.jpg,1
92.jpg,2
920.jpg,0
921.jpg,0
922.jpg,0
923.jpg,2
924.jpg,2
925.jpg,2
926.jpg,2
927.jpg,0
928.jpg,2
929.jpg,2
93.jpg,2
930.jpg,0
931.jpg,1
932.jpg,0
933.jpg,2
934.jpg,2
935.jpg,0
936.jpg,0
937.jpg,2
938.jpg,0
939.jpg,2
94.jpg,2
940.jpg,0
941.jpg,2
942.jpg,1
943.jpg,2
944.jpg,0
945.jpg,0
946.jpg,2
947.jpg,0
948.jpg,0
949.jpg,0
95.jpg,0
950.jpg,1
951.jpg,0
952.jpg,2
953.jpg,2
954.jpg,2
955.jpg,0
956.jpg,2
957.jpg,0
958.jpg,2
959.jpg,2
96.jpg,0
960.jpg,0
961.jpg,2
962.jpg,0
963.jpg,0
964.jpg,2
965.jpg,2
966.jpg,0
967.jpg,2
968.jpg,0
969.jpg,2
97.jpg,0
970.jpg,2
971.jpg,0
972.jpg,0
973.jpg,2
974.jpg,2
975.jpg,2
976.jpg,0
977.jpg,2
978.jpg,2
979.jpg,1
98.jpg,2
980.jpg,2
981.jpg,2
982.jpg,0
983.jpg,2
984.jpg,2
985.jpg,0
986.jpg,2
987.jpg,1
988.jpg,2
989.jpg,0
99.jpg,2
990.jpg,0
991.jpg,1
992.jpg,0
993.jpg,2
994.jpg,2
995.jpg,0
996.jpg,2
997.jpg,1
998.jpg,2
999.jpg,0
